Principle,UserFeedback
介入詳情及輸出,"應明確定義模型的輸入與輸出規格。
輸入：詳列模型所需的所有資料項目與格式。
輸出：具體說明其內容、格式與單位（如：分類標籤、機率值），並載明是否提供信賴分數、可解釋性分析等輔助決策資訊。"
量化表現指標,應具體說明衡量模型成效的量化指標。
可解釋性分析,應明確說明產品的主要功能、目標疾病/狀態，及其在臨床流程中輔助預期使用者的具體角色。
開發詳情及輸入特徵,"1. 系統輸入資料（如民眾通報、病歷等）若隱含個資，必須說明是否經過徹底之去識別化（De-identification）或資料最小化原則。
2. 若採用雲端大語言模型，必須在委外契約（RFP）中明文要求使用「主權雲（Sovereign Cloud）」以防跨國資料調閱（防範美國 Cloud Act 跨國管轄權與強制調閱風險，保障本國數位管轄權），並於合約中明文禁止供應商進行資料保留（No Data Retention）與二次訓練微調（No Re-training）。
3. 若屬地端部署（邊緣端模型 / AI PC），必須對 SSD 權重硬碟、Log 日誌檔案及快取記憶體（RAM/VRAM）殘留防護進行高強度加密與存取控管，防止 Prompt 殘留與日誌外洩。"
介入詳情及輸出,"1. 在系統自動化分案或決策支援中，不能僅口頭宣稱「有人員過目」，必須在系統介面上設計明確的「確認覆核（Check）」操作，並在後台全面留下「不可篡改的審計軌跡（Audit Trail / Logging）」，詳細記錄誰在何時確認了什麼，作為合規與免責的當責證據。
2. 針對大語言模型文字接龍產生「正經八百的胡說八道（幻覺 Hallucination）」缺陷，建議在後台設計雙模型或多模型代理人（Multi-agent Consensus，如 Gemini 與 GPT 同步對照）。當判定一致時加速放行；不一致時，強制定向至管理人員手動核對與衝突排解（衝突提示機制），以減少人為疲勞與依賴偏誤。"
確保公平性的過程,"1. 演算法通常會產生對特定族群之效能偏差。例如：若以醫學中心的高階影像或特定疾病分布之訓練語料訓練之模型，直接拿去地區或基層醫院使用，可能會產生病患群體分布結構性偏差（偏見）而導致效能大幅下降。
2. 開發階段必須針對不同性別、年齡層、口音或社經群體的效能進行分層評估，並揭露對應的公平性測試數據。"
警告與範圍外使用,"1. 必須明文揭露模型之能力極限與不相容之硬體或影像機型。若系統涉及大語言模型，必須明文列出其可能產生幻覺（Hallucination）而「正經八百胡說八道」之警語，且強調系統不能替代人類最終決策。
2. 面對對外或公眾諮詢服務，必須在核心介面建立「安全護欄（Guardrails）」，限制敏感與無關問題的提問，並建立敏感詞防範問答庫，防範 Prompt Injection（指令注入攻擊）或惡意誘導，阻斷不實輸出、違反我國立場或意識形態偏誤的違法生成內容，並顯著提供透明警語。"
更新與持續驗證計畫,"1. 模型的再訓練觸發頻率或效能衰退閾值必須量化並寫入更新計畫中，防止隨時間產生模型漂移（Model Drift）卻未被察覺而持續使用。
2. 在系統採購或規格設計的前端，就必須將這些風險防範措施（如主權雲、日誌加密、意識形態 Guardrails 等）明文納入採購合約（RFP）中，將潛在法律與合規責任在合約中與廠商合理攤提，避免處內同仁完全承擔監管風險。"
持續維護與監控,"【審查專家真實退件與修正案例】
填報醫院：奇美醫療財團法人奇美醫院
AI模型：運用AI風險預測系統降低透析中低血壓發生率
項目：監測計畫 ⏩ 持續維護與監控
醫院原始說明草稿：
""每周期(365天)評估效益一次(模型品質、臨床效益)，使用""人工智慧醫療器材軟體成效檢核表""。當AI模型品質的AUC低於0.8時，須暫停使用與改進；低血壓發生率大於10%亦須暫停使用與改進。""
專家真實審查意見：
""1. 下述「當AI模型品質的AUC低於0.8時，須暫停使用與改進；低血壓發生率大於10%亦須暫停使用與改進。」皆屬於模型表現，然而臨床效益之監測在這裏沒有做到說明？
2. 需簡述檢核表內容""
【專家系統審計指南】當使用者草稿與上述原始說明有相似遺漏或定義不清時，必須引用此審查意見進行退件，並給出具體補正範本。"
更新與持續驗證計畫,"【審查專家真實退件與修正案例】
填報醫院：奇美醫療財團法人奇美醫院
AI模型：運用AI風險預測系統降低透析中低血壓發生率
項目：版本更新計畫 ⏩ 更新與持續驗證計畫
醫院原始說明草稿：
""當監測結果認為須暫停使用與改進時，則申請單位與發展團隊討論優化改版事宜。""
專家真實審查意見：
""請注意，版本更新之時機可能為常規之流程，另並不一定是是AUC或發生率有問題時。應該要導入軟體再確效時機的概念。當系統或作業環境版本更新或更新時、當軟體需要的工具套件版本更新時、當軟體語法變更時等等皆可能為版本更新的時機""
【專家系統審計指南】當使用者草稿與上述原始說明有相似遺漏或定義不清時，必須引用此審查意見進行退件，並給出具體補正範本。"
外部驗證過程,"【審查專家真實退件與修正案例】
填報醫院：奇美醫療財團法人奇美醫院
AI模型：運用AI風險預測系統降低透析中低血壓發生率
項目：外部驗證過程 ⏩ 外部驗證過程
醫院原始說明草稿：
""高雄醫學大學附設中和醫院。驗證結果AUC 0.905，顯示模型具良好一般性(外推性)。""
專家真實審查意見：
""要說明是使用那一個資料集，是否可以提供AUC以外更多之表現指標？""
【專家系統審計指南】當使用者草稿與上述原始說明有相似遺漏或定義不清時，必須引用此審查意見進行退件，並給出具體補正範本。"
持續維護與監控,"【審查專家真實退件與修正案例】
填報醫院：新北仁康醫院
AI模型：緯創 BestShape VS AI 零接觸智能照護系統（長者照護）
項目：監測計畫 ⏩ 持續維護與監控
醫院原始說明草稿：
""依「負責任AI」監測規範執行AI生命週期監測，確保模型未因時間、設備老化或患者群體改變而產生模型漂移或效能退化：
• 抽樣：監測期間採分層隨機抽樣，抽取880筆資料。
• 黃金標準：以病患配戴之醫療級生理監視器數據為基準。
• 比對方法：採「時間窗聚合比對法」...
• 分類指標監測：以混淆矩陣計算敏感度、特異度、PPV、NPV、準確率（呼吸、心律分別評估）。
• 連續數值監測：以MAE評估心跳、呼吸誤差並分析環境干擾。
• 警報疲勞管理：撈取後台日誌（保留三個月）監測觸發事件，動態調整警報閾值；最佳化後平均每床每日約7.5次警示。""
專家真實審查意見：
""需說明周期時間？""
【專家系統審計指南】當使用者草稿與上述原始說明有相似遺漏或定義不清時，必須引用此審查意見進行退件，並給出具體補正範本。"
更新與持續驗證計畫,"【審查專家真實退件與修正案例】
填報醫院：新北仁康醫院
AI模型：緯創 BestShape VS AI 零接觸智能照護系統（長者照護）
項目：版本更新計畫 ⏩ 更新與持續驗證計畫
醫院原始說明草稿：
""本模型版本更新採雙向機制，由開發團隊與本院負責任AI中心協同維護：
1.開發端驅動：開發團隊若釋出模型更新，即通知機構，由機構依規範進行模型更新與導入驗證。
2.機構端驅動：負責任AI中心定期抽樣監測模型效能，若發現模型有飄移（model drift）跡象，即通知開發團隊啟動校正或再訓練流程；待重新訓練並通過內部／外部驗證後方得恢復使用。""
專家真實審查意見：
""1. 需提供具體之飄移偵測指標及警戒值
2. 本案是否為醫療器材？如為醫療器材，醫療器材之軟體進行進版後需要通過台灣衛福部食藥署的審核，廠商與醫院間如何搭配執行？""
【專家系統審計指南】當使用者草稿與上述原始說明有相似遺漏或定義不清時，必須引用此審查意見進行退件，並給出具體補正範本。"
警告與範圍外使用,"【審查專家真實退件與修正案例】
填報醫院：新北仁康醫院
AI模型：緯創 BestShape VS AI 零接觸智能照護系統（長者照護）
項目：介入的警告範圍外使用 ⏩ 警告與範圍外使用
醫院原始說明草稿：
""• 本系統之數值輸出或紀錄不應作為醫療／照護決策上的單獨判斷依據，專業人員應於需要時使用傳統量測方式複驗。
• 本系統不適用配戴心律調節器的患者。""
專家真實審查意見：
""是否有年齡限制？""
【專家系統審計指南】當使用者草稿與上述原始說明有相似遺漏或定義不清時，必須引用此審查意見進行退件，並給出具體補正範本。"
確保公平性的過程,"【審查專家真實退件與修正案例】
填報醫院：新北仁康醫院
AI模型：緯創 BestShape VS AI 零接觸智能照護系統（長者照護）
項目：確保介入開發公平性的過程 ⏩ 確保公平性的過程
醫院原始說明草稿：
""心率模型訓練樣本來自多個醫療院所：分布於38–119 bpm；兩家不同層級、地區之醫院，男性207位、女性80位，年齡22–74歲。開發過程採用男女樣本平衡、數值均勻涵蓋、交叉驗證等手法確保公平性與可靠性。""
專家真實審查意見：
""請確定對於公平性之定義正確？比如有沒有群組、疾病別、地域之選擇性等？""
【專家系統審計指南】當使用者草稿與上述原始說明有相似遺漏或定義不清時，必須引用此審查意見進行退件，並給出具體補正範本。"
外部驗證過程,"【審查專家真實退件與修正案例】
填報醫院：新北仁康醫院
AI模型：緯創 BestShape VS AI 零接觸智能照護系統（長者照護）
項目：外部驗證過程 ⏩ 外部驗證過程
醫院原始說明草稿：
""• 驗證資料不含於原始訓練、測試資料中。
• 與多個不同場域合作，包含醫院與照護機構（測試不同環境與病患群體，如健康、長期臥床、失智症等）。""
專家真實審查意見：
""需說明資料來源，數量，地域，其他特性""
【專家系統審計指南】當使用者草稿與上述原始說明有相似遺漏或定義不清時，必須引用此審查意見進行退件，並給出具體補正範本。"
更新與持續驗證計畫,"【審查專家真實退件與修正案例】
填報醫院：新北仁康醫院
AI模型：緯創 BestShape VS AI 零接觸智能照護系統（長者照護）
項目：更新和持續驗證或公平性評估計畫 ⏩ 更新與持續驗證計畫
醫院原始說明草稿：
""開發團隊每一至二年以人體臨床試驗收集新樣本進行效能評估與訓練，以確保效能維持水準。若發現模型效能下降低於原經主管機關核定之效能，則立即通報機構端建請停用，待模型重新訓練並通過內部／外部驗證後方得恢復使用。""
專家真實審查意見：
""1. 需定義合理而且確定之更新周期
2. 需具體說明原先所規範之效能閾值
3. 那一個機構？""
【專家系統審計指南】當使用者草稿與上述原始說明有相似遺漏或定義不清時，必須引用此審查意見進行退件，並給出具體補正範本。"
更新與持續驗證計畫,"【審查專家真實退件與修正案例】
填報醫院：財團法人私立高雄醫學大學附設中和紀念醫院
AI模型：氣管內管位置異常警示系統
項目：版本更新計畫 ⏩ 更新與持續驗證計畫
醫院原始說明草稿：
""因臨床需求、醫療指引更新、模型效能變化或其他因素需進行版本更新，將依本院《人工智慧模型臨床應用部署作業辦法》提出「人工智慧模型異動申請」，完成模型重新訓練、效能驗證及相關測試，並提送智慧醫療委員會審查。""
專家真實審查意見：
""需針對本軟體有具體之更新計畫，說明更新周期，或其他啟動時機""
【專家系統審計指南】當使用者草稿與上述原始說明有相似遺漏或定義不清時，必須引用此審查意見進行退件，並給出具體補正範本。"
量化表現指標,"【審查專家真實退件與修正案例】
填報醫院：財團法人私立高雄醫學大學附設中和紀念醫院
AI模型：氣管內管位置異常警示系統
項目：成效指標 ⏩ 量化表現指標
醫院原始說明草稿：
""管路滑脫率, 0.23‰, 0%""
專家真實審查意見：
""請再做更詳細說明""
【專家系統審計指南】當使用者草稿與上述原始說明有相似遺漏或定義不清時，必須引用此審查意見進行退件，並給出具體補正範本。"
持續維護與監控,"【審查專家真實退件與修正案例】
填報醫院：長庚醫療財團法人嘉義長庚紀念醫院
AI模型：住院病人跌倒預測
項目：監測計畫 ⏩ 持續維護與監控
醫院原始說明草稿：
""AI在臨床應用中，需配合九大透明性原則與可解釋性機制，如顯示AI判斷數值，避免黑箱決策。此外，建立生命週期管理監測，定期檢測AI效能並設立應變機制，敏感度低於0.786時進行模型再調整，此機制在醫師專業判斷下進行，並保障病人安全。""
專家真實審查意見：
""1. 純以敏感度單一指標估為模型在真實世界之表現之基準是否合宜？
2. 需定義醫師要如何判斷之規則，這裏可能是管理者依醫品病安機制介入""
【專家系統審計指南】當使用者草稿與上述原始說明有相似遺漏或定義不清時，必須引用此審查意見進行退件，並給出具體補正範本。"
更新與持續驗證計畫,"【審查專家真實退件與修正案例】
填報醫院：長庚醫療財團法人嘉義長庚紀念醫院
AI模型：住院病人跌倒預測
項目：版本更新計畫 ⏩ 更新與持續驗證計畫
醫院原始說明草稿：
""依生命週期進行模型檢討修正""
專家真實審查意見：
""未提供具體之迭代或修正計畫""
【專家系統審計指南】當使用者草稿與上述原始說明有相似遺漏或定義不清時，必須引用此審查意見進行退件，並給出具體補正範本。"
量化表現指標,"【審查專家真實退件與修正案例】
填報醫院：長庚醫療財團法人嘉義長庚紀念醫院
AI模型：住院病人跌倒預測
項目：成效指標 ⏩ 量化表現指標
醫院原始說明草稿：
""跌倒發生率, 0.027%, 0.015%""
專家真實審查意見：
""內容不明確，無法了解內容意義，建議具體說明使用率，或應該要描述導入前後跌倒發生率的變化之真實世界效應，或是正確推測跌倒風險而有介入行為之次數等""
【專家系統審計指南】當使用者草稿與上述原始說明有相似遺漏或定義不清時，必須引用此審查意見進行退件，並給出具體補正範本。"
開發詳情及輸入特徵,"【審查專家真實退件與修正案例】
填報醫院：長庚醫療財團法人嘉義長庚紀念醫院
AI模型：住院病人跌倒預測
項目：介入開發詳情及輸入特徵 ⏩ 開發詳情及輸入特徵
醫院原始說明草稿：
""1.採用.NET平臺架構，並以Model–view–controller（MVC）架構和模組化設計。
2.通過HL7 FHIR、LOINC和SNOMED CT等標準的應用，實現全國範圍內的數據互操作性和標準化。
3.透過生理徵象儀器、檢驗儀器、檢查儀器自動上傳數據，護理端評估輸入HIS系統後自動轉入分析系統。""
專家真實審查意見：
""1. 需說明使用之AI模型
2. 請確定此資料正確，使用那一個IG？""
【專家系統審計指南】當使用者草稿與上述原始說明有相似遺漏或定義不清時，必須引用此審查意見進行退件，並給出具體補正範本。"
確保公平性的過程,"【審查專家真實退件與修正案例】
填報醫院：長庚醫療財團法人嘉義長庚紀念醫院
AI模型：住院病人跌倒預測
項目：確保介入開發公平性的過程 ⏩ 確保公平性的過程
醫院原始說明草稿：
""1.透過護理作業身體評估、現況用藥、管路，手術資訊、生理徵象、檢驗數值等自動擷取數據。
2.無法抓取相關資料時會顯示遺漏值，可即時檢查並改正。""
專家真實審查意見：
""此部份應要先去了解什麼是公平性，譬如要著重於不同種類、性別，病情嚴重度者是否包涵在模型訓練及服務範疇等""
【專家系統審計指南】當使用者草稿與上述原始說明有相似遺漏或定義不清時，必須引用此審查意見進行退件，並給出具體補正範本。"
外部驗證過程,"【審查專家真實退件與修正案例】
填報醫院：長庚醫療財團法人嘉義長庚紀念醫院
AI模型：住院病人跌倒預測
項目：外部驗證過程 ⏩ 外部驗證過程
醫院原始說明草稿：
""資料來源:長庚醫院住院病患資料
監管單位:長庚醫院品質管理部、嘉義長庚品管中心
智慧醫療委員會定期會議檢討準確性。""
專家真實審查意見：
""1. 訓練資料集及驗證資料集需確實說明，其來源、年份、醫院分院等等
2. 是否經由負責任AI中心執行檢討？""
【專家系統審計指南】當使用者草稿與上述原始說明有相似遺漏或定義不清時，必須引用此審查意見進行退件，並給出具體補正範本。"
量化表現指標,"【審查專家真實退件與修正案例】
填報醫院：長庚醫療財團法人嘉義長庚紀念醫院
AI模型：住院病人跌倒預測
項目：模型表現量化指標 ⏩ 量化表現指標
醫院原始說明草稿：
""現場資料比對，以確認帶入數值是否正確；跌倒預測的正確性、實際發生跌倒的比率；無法抓取相關資料時會顯示遺漏值，由臨床人員可即時檢查並改正。""
專家真實審查意見：
""要請工研院確定，這一欄要填的是什麼東西？什麼是模型表現量化指標？""
【專家系統審計指南】當使用者草稿與上述原始說明有相似遺漏或定義不清時，必須引用此審查意見進行退件，並給出具體補正範本。"
介入詳情及輸出,"【官方核准登錄高分範例】
填報醫院：長庚醫療財團法人嘉義長庚紀念醫院
AI模型案名：住院病人跌倒預測
指標項目：介入詳情及輸出
核准填報內容：
""1.運用機器學習對住院病患住院中跌倒事件進行預測。
2.識別高跌倒風險的病人。
3使用臨床判斷決定使用哪種跌倒預防策略來減少跌倒風險。
4.簡化護理師跌倒風險評估流程，及預測病人跌倒因子進而加強護理衛教指導，降低病人傷害嚴重度。"""
介入目的,"【官方核准登錄高分範例】
填報醫院：長庚醫療財團法人嘉義長庚紀念醫院
AI模型案名：住院病人跌倒預測
指標項目：介入目的
核准填報內容：
""每年約有 70 萬至 100 萬住院病人跌倒，導致約 25 萬人受傷，最多可達 1.1 萬人死亡。約 2%的住院病人在住院期間至少跌倒一次。大約四分之一的跌倒會 導致受傷，(約28%受輕傷、11.4%受重度軟組織損傷、5%骨折、約 2%頭部受傷)，可能導致長期殘疾或早逝。"""
警告與範圍外使用,"【官方核准登錄高分範例】
填報醫院：長庚醫療財團法人嘉義長庚紀念醫院
AI模型案名：住院病人跌倒預測
指標項目：警告與範圍外使用
核准填報內容：
""1.僅適用於18歲以上住院病人
2.對於非住院病人及未滿18歲個案不適用。護理之家、日照中心等機構亦不適用"""
開發詳情及輸入特徵,"【官方核准登錄高分範例】
填報醫院：長庚醫療財團法人嘉義長庚紀念醫院
AI模型案名：住院病人跌倒預測
指標項目：開發詳情及輸入特徵
核准填報內容：
""1.採用.NET平臺架構，並以Model–view–controller（MVC）架構和模組化設計。
2.通過 HL7 FHIR、LOINC 和 SNOMED CT 等標準的應用，實現全國範圍內的 數據互操作性和標準化。
3.透過生理徵象儀器、檢驗儀器、檢查儀器自動上傳數據，護理端評估輸入HIS系統後自動轉入分析系統。"""
確保公平性的過程,"【官方核准登錄高分範例】
填報醫院：長庚醫療財團法人嘉義長庚紀念醫院
AI模型案名：住院病人跌倒預測
指標項目：確保公平性的過程
核准填報內容：
""1.透過護理作業身體評估、現況用藥、管路，手術資訊、生理徵象、檢驗數值等自動擷取數據。
2.無法抓取相關資料時會顯示遺漏值，可即時檢查並改正。"""
外部驗證過程,"【官方核准登錄高分範例】
填報醫院：長庚醫療財團法人嘉義長庚紀念醫院
AI模型案名：住院病人跌倒預測
指標項目：外部驗證過程
核准填報內容：
""資料來源:長庚醫院住院病患資料
監管單位:長庚醫院品質管理部、嘉義長庚品管中心
智慧醫療委員會定期會議檢討準確性。"""
量化表現指標,"【官方核准登錄高分範例】
填報醫院：長庚醫療財團法人嘉義長庚紀念醫院
AI模型案名：住院病人跌倒預測
指標項目：量化表現指標
核准填報內容：
""現場資料比對，以確認帶入數值是否正確
跌倒預測的正確性、實際發生跌倒的比率
無法抓取相關資料時會顯示遺漏值，由臨床人員可即時檢查並改正。"""
持續維護與監控,"【官方核准登錄高分範例】
填報醫院：長庚醫療財團法人嘉義長庚紀念醫院
AI模型案名：住院病人跌倒預測
指標項目：持續維護與監控
核准填報內容：
""嘉義長庚試行後推展至長庚體系各院區，並於使用後每半年檢討各院區預測準確性，適時檢討相關變項。
透過對病人與家屬的衛教預防跌倒發生，監控跌倒發生率。
未來納入個案討論，回溯性檢討預測準確性。
住院病患跌倒事件由病安委員會逐案記錄並每季檢討。"""
更新與持續驗證計畫,"【官方核准登錄高分範例】
填報醫院：長庚醫療財團法人嘉義長庚紀念醫院
AI模型案名：住院病人跌倒預測
指標項目：更新與持續驗證計畫
核准填報內容：
""每半年依實際發生個案訓練更新模型，住院病患跌倒事件由病安委員會逐案記錄並每季檢討。對有傷害事件提出原因分析及改善計劃，並同時檢討模型之正確性。在每季檢討中若模型效能為達到預期，將視需要增加變數或以其他方式重新訓練模型。"""
可解釋性分析,"【官方核准登錄高分範例】
填報醫院：長庚醫療財團法人嘉義長庚紀念醫院
AI模型案名：住院病人跌倒預測
指標項目：可解釋性分析
核准填報內容：
""強化如Attention weights,，Embedding analysis及其他先進解釋性AI技術的導入，以更全面、更深入地解釋AI模型之決策邏輯，進一步增強醫護團隊及病患對AI預測結果之理解與信任。"""
介入詳情及輸出,"【官方核准登錄高分範例】
填報醫院：奇美醫療財團法人奇美醫院
AI模型案名：運用AI風險預測系統降低透析中低血壓發生率
指標項目：介入詳情及輸出
核准填報內容：
""採用機器學習演算法，開發了一個透析中低血壓風險預測模型，輔助透析護理團隊能夠更快速且更高效地管理透析中低血壓。低血壓風險預測機率小於50%傾向部會發生，大於等於50%傾向會發生，數值越大，風險越大。"""
介入目的,"【官方核准登錄高分範例】
填報醫院：奇美醫療財團法人奇美醫院
AI模型案名：運用AI風險預測系統降低透析中低血壓發生率
指標項目：介入目的
核准填報內容：
""持續監測接受血液透析患者的狀況，即時顯示每位患者發生透析中低血壓的概率，輔助團隊能更快速有效的提早處理。"""
警告與範圍外使用,"【官方核准登錄高分範例】
填報醫院：奇美醫療財團法人奇美醫院
AI模型案名：運用AI風險預測系統降低透析中低血壓發生率
指標項目：警告與範圍外使用
核准填報內容：
""本AI軟體適用範圍於奇美醫療體系三院區的血液透析室。
本AI軟體與醫院的HIS整合，於血液透析室接受血液透析病人才能預測，不會有誤用情形。"""
開發詳情及輸入特徵,"【官方核准登錄高分範例】
填報醫院：奇美醫療財團法人奇美醫院
AI模型案名：運用AI風險預測系統降低透析中低血壓發生率
指標項目：開發詳情及輸入特徵
核准填報內容：
""我們成立專案團隊，包含臨床醫師、護理師、數據分析師和資訊工程師，並定期舉行會議討論，研究數據回顧性收集，自2020年9月1日至2020年12月31日，年齡≥20歲之患者。共使用30個features: age、sex、前次透析藥水鈣濃度、前次CT ratio、pre-dialysis weight、SBP、DBP、PR、前次洗腎後體重、前次UF volume、前次Albumin本次Albumin、體溫、UF rate、conductivity、veinpressore、Blood flow、VB ratio、Hb Albumin、Na、Ca、BUN、K、PM、CAD、CHF、Stroke、Liver、PAD。"""
確保公平性的過程,"【官方核准登錄高分範例】
填報醫院：奇美醫療財團法人奇美醫院
AI模型案名：運用AI風險預測系統降低透析中低血壓發生率
指標項目：確保公平性的過程
核准填報內容：
""回朔性資料來自奇美醫院永康院區去識別的電子病歷資料，自2020年9月1日至2020年12月31日，年齡≥20的洗腎病人，無篩選病人，對於臨床資料和透析紀錄不完整者排除。"""
外部驗證過程,"【官方核准登錄高分範例】
填報醫院：奇美醫療財團法人奇美醫院
AI模型案名：運用AI風險預測系統降低透析中低血壓發生率
指標項目：外部驗證過程
核准填報內容：
""高雄醫學大學附設中和醫院。驗證結果 AUC 0.905，顯示模型具良好一般性(外推性)。"""
量化表現指標,"【官方核准登錄高分範例】
填報醫院：奇美醫療財團法人奇美醫院
AI模型案名：運用AI風險預測系統降低透析中低血壓發生率
指標項目：量化表現指標
核准填報內容：
""AUC 0.94、Accuracy 0.86、Sensitivity 0.86、Specificity 0.86。"""
持續維護與監控,"【官方核准登錄高分範例】
填報醫院：奇美醫療財團法人奇美醫院
AI模型案名：運用AI風險預測系統降低透析中低血壓發生率
指標項目：持續維護與監控
核准填報內容：
""採用網路化醫院資訊系統，軟體自動派送，將此預測系統連上院內每部電腦。上線後，每年進行一次系統評估以決定是否續用或更新。"""
更新與持續驗證計畫,"【官方核准登錄高分範例】
填報醫院：奇美醫療財團法人奇美醫院
AI模型案名：運用AI風險預測系統降低透析中低血壓發生率
指標項目：更新與持續驗證計畫
核准填報內容：
""每年進行系統評估，透過三院區資料收集驗證(不篩選病人)。當AI模型品質的AUC低於0.8時，須暫停使用並改進；低血壓發生率>10%亦須暫停使用與改進。"""
可解釋性分析,"【官方核准登錄高分範例】
填報醫院：奇美醫療財團法人奇美醫院
AI模型案名：運用AI風險預測系統降低透析中低血壓發生率
指標項目：可解釋性分析
核准填報內容：
""使用模型之特徵重要性圖（SHAP圖）說明模型預測時各項特徵對風險分數的相對影響，作為模型可解釋性與臨床檢視之依據。"""
介入詳情及輸出,"【官方核准登錄高分範例】
填報醫院：新北仁康醫院
AI模型案名：緯創 BestShape VS AI 零接觸智能照護系統（長者照護）
指標項目：介入詳情及輸出
核准填報內容：
""本系統使用無線射頻（毫米波雷達）感測器對臥床使用者進行生理數值非接觸偵測，藉由演算法分析波形振動模式以理解胸腔運動情況，估算呼吸率、心率並記錄，並於異常值出現時提醒。
• 輸入：無線射頻電波的反射訊號（反映使用者的胸腔運動）
• 輸出：呼吸率、心率（每日24小時不間斷監測與記錄）
• 可由系統介面檢視即時數值、趨勢與異常提醒"""
介入目的,"【官方核准登錄高分範例】
填報醫院：新北仁康醫院
AI模型案名：緯創 BestShape VS AI 零接觸智能照護系統（長者照護）
指標項目：介入目的
核准填報內容：
""輔助記錄使用者的生命徵象（紀錄可隨時存取），並於異常值出現時提醒，以降低醫事／照護人員負擔。其數值紀錄與異常提醒旨在提供專業人員參考、輔助其進行醫療／照護決策。"""
警告與範圍外使用,"【官方核准登錄高分範例】
填報醫院：新北仁康醫院
AI模型案名：緯創 BestShape VS AI 零接觸智能照護系統（長者照護）
指標項目：警告與範圍外使用
核准填報內容：
""• 本系統之數值輸出或紀錄不應作為醫療／照護決策上的單獨判斷依據，專業人員應於需要時使用傳統量測方式複驗。
• 本系統不適用配戴心律調節器的患者。"""
開發詳情及輸入特徵,"【官方核准登錄高分範例】
填報醫院：新北仁康醫院
AI模型案名：緯創 BestShape VS AI 零接觸智能照護系統（長者照護）
指標項目：開發詳情及輸入特徵
核准填報內容：
""系統以無線射頻感測器的反射波形為輸入（波形反映胸腔運動情況），並以演算法估算呼吸率與心率。
• 呼吸率：非AI的傳統演算法分析波形起伏以估算。
• 心率：卷積神經網路（CNN）分析波形細部振動以估算。
– CNN 以網路中的「卷積層」自輸入抽取特徵，後段網路基於特徵運算。
– 訓練資料含同時採集之（1）輸入：波形資料（2）標準：認證醫材輸出之心率。
– 資料來自多個醫療院所、不同性別與年齡範圍，涵蓋大範圍數值。
– 因波形純粹反映心跳的物理運動，族群、膚色等差異對性能無影響。"""
確保公平性的過程,"【官方核准登錄高分範例】
填報醫院：新北仁康醫院
AI模型案名：緯創 BestShape VS AI 零接觸智能照護系統（長者照護）
指標項目：確保公平性的過程
核准填報內容：
""心率模型訓練樣本來自多個醫療院所：分布於 38–119 bpm；兩家不同層級、地區之醫院，男性 207 位、女性 80 位，年齡 22–74 歲。
開發過程採用以下手法確保公平性與可靠性：
• 男女樣本平衡：在維持年齡分散前提下隨機取用男性資料使其不多於女性。
• 數值均勻涵蓋：於系統偵測範圍（40–120 bpm）內每 10 bpm 區間平均取用資料。
• 模型公平性／泛用性：採交叉驗證，比較各組性能以確認無過擬合、符合公平性。"""
外部驗證過程,"【官方核准登錄高分範例】
填報醫院：新北仁康醫院
AI模型案名：緯創 BestShape VS AI 零接觸智能照護系統（長者照護）
指標項目：外部驗證過程
核准填報內容：
""• 驗證資料不含於原始訓練、測試資料中。
• 與多個不同場域合作，包含醫院與照護機構（測試不同環境與病患群體，如健康、長期臥床、失智症等）。"""
量化表現指標,"【官方核准登錄高分範例】
填報醫院：新北仁康醫院
AI模型案名：緯創 BestShape VS AI 零接觸智能照護系統（長者照護）
指標項目：量化表現指標
核准填報內容：
""原廠外部驗證之性能指標：
• 呼吸率（範圍 7–38 rpm）：MAE 0.77 rpm；最大誤差 ±5% 或 ±2 rpm（較大者為準）。
• 心率（範圍 40–120 bpm）：MAE 1.93 bpm；最大誤差 ±8 bpm。
本院試行監測（880 筆抽樣，連續數值）：
• 呼吸率 MAE 約 ±3.34 rpm（20.91%）；心率 MAE 約 ±10.84 bpm；整體平均受設備對位等實務因素影響而未達標準，於精確對位時段誤差極小。
分類預警（混淆矩陣）：呼吸 敏感度 65.2%／特異度 79.2%／準確率 78.8%；心律 敏感度 3.0%／特異度 98.5%／準確率 89.5%。"""
持續維護與監控,"【官方核准登錄高分範例】
填報醫院：新北仁康醫院
AI模型案名：緯創 BestShape VS AI 零接觸智能照護系統（長者照護）
指標項目：持續維護與監控
核准填報內容：
""由專門團隊監控已佈署之系統，並隨時接收客戶回饋；系統亦不定期（最長一年）更新。"""
更新與持續驗證計畫,"【官方核准登錄高分範例】
填報醫院：新北仁康醫院
AI模型案名：緯創 BestShape VS AI 零接觸智能照護系統（長者照護）
指標項目：更新與持續驗證計畫
核准填報內容：
""開發團隊每一至二年以人體臨床試驗收集新樣本進行效能評估與訓練，以確保效能維持水準。若發現模型效能下降低於原經主管機關核定之效能，則立即通報機構端建請停用，待模型重新訓練並通過內部／外部驗證後方得恢復使用。"""
可解釋性分析,"【官方核准登錄高分範例】
填報醫院：新北仁康醫院
AI模型案名：緯創 BestShape VS AI 零接觸智能照護系統（長者照護）
指標項目：可解釋性分析
核准填報內容：
""心率AI模型可解釋性：
• 模型採用卷積神經網路（CNN），特性在於使用卷積層理解輸入資料並從中提取用於判斷的特徵。
• 感測器反射波形中較大的振動反映呼吸胸腔起伏；CNN 自其中提取細微振動之幅度、速度、加速度等特徵，作為判斷心搏發生時點並換算成心率（每分鐘心跳次數）的依據。"""
介入詳情及輸出,"【官方核准登錄高分範例】
填報醫院：長庚醫療財團法人林口長庚紀念醫院
AI模型案名：腕部舟狀骨骨折偵測軟體
指標項目：介入詳情及輸出
核准填報內容：
""本軟體是將疑似患有腕部舟狀骨骨折之病人，將手腕部X 光PA view DICOM 影像放入輸入資料夾後，即可自動判讀，提供腕部舟狀骨位置以及「檢測出(fracture)」、「未檢測出(non-fracture)」文字標注之資訊於輸出圖片中。"""
介入目的,"【官方核准登錄高分範例】
填報醫院：長庚醫療財團法人林口長庚紀念醫院
AI模型案名：腕部舟狀骨骨折偵測軟體
指標項目：介入目的
核准填報內容：
""長庚紀念醫院腕部舟狀骨骨折偵測軟體為醫療影像輔助分析軟體，限於可執行醫療診斷之醫師使用，且醫事人員須具備電腦基本操作能力方可使用此軟體。"""
警告與範圍外使用,"【官方核准登錄高分範例】
填報醫院：長庚醫療財團法人林口長庚紀念醫院
AI模型案名：腕部舟狀骨骨折偵測軟體
指標項目：警告與範圍外使用
核准填報內容：
""適用在年齡在20 歲以上病患、疑似有手腕腕部舟狀骨骨折之病患的手腕部X 光DICOM 影像(左右手均可，僅適用於PAview 影像)，分析結果僅供醫師診斷參考，不做相關診斷唯一依據，也不做是否罹患骨折的診斷依據，還是須以醫師的判斷為最終診斷結果。"""
開發詳情及輸入特徵,"【官方核准登錄高分範例】
填報醫院：長庚醫療財團法人林口長庚紀念醫院
AI模型案名：腕部舟狀骨骨折偵測軟體
指標項目：開發詳情及輸入特徵
核准填報內容：
""本軟體採用閉鎖式(Locked)演算法設計，利用深度學習卷積神經網路(Convolutional neural network)，偵測腕部舟狀骨骨折與否。使用先進的深度學習演算法，主要採用EfficientNet Architecture。這些演算法使用大量的手部Xray 影像，其中包含舟狀骨骨折及沒有骨折的樣本進行訓練，其中舟狀骨骨折判讀的金標準為CT/MRI 影像報告結果及三位手外科醫師的共識決。"""
確保公平性的過程,"【官方核准登錄高分範例】
填報醫院：長庚醫療財團法人林口長庚紀念醫院
AI模型案名：腕部舟狀骨骨折偵測軟體
指標項目：確保公平性的過程
核准填報內容：
""這套人工智慧系統使用2006.01.01~2020.12.31 期間病人有拍攝手部影像的資料為基礎，並串連影像科報告
資料搜尋出有拍攝手部影像的報告，分為兩個大資料集骨折組(case)、正常組(control)，再經專業放射師確認排除非精準PA view(這裡指擺位正確但角度可能稍微傾斜之資料)影像後，作為訓練資料。相關訓練及驗證資料進行分析後，盡量確保其代表性與公平性的平衡。"""
外部驗證過程,"【官方核准登錄高分範例】
填報醫院：長庚醫療財團法人林口長庚紀念醫院
AI模型案名：腕部舟狀骨骨折偵測軟體
指標項目：外部驗證過程
核准填報內容：
""臨床試驗計劃書中的納入及排除條件進行篩選，並請一名放射科醫師來進行影像品質的確認後，排除部份影像，之後請三位放射科醫師，進行參考標準的判讀。並與美國密西根大學進行軟體驗證應用，邀請台灣美國共120 位醫師進行軟體驗證，當中有37 位手外科專科醫師、52 位整形外科醫師及83 為主治醫師。使用本軟體系統輔助時，隱匿性舟骨 X光片的準確率高於不使用人工智慧系統輔助時（AC1 分別為 0.42 [95% CI 0.17 至0.68] 和 0.06 [95% CI 0.00 至 0.17]）。在診斷時間（18 ± 12 秒 vs 30 ± 27秒，平均差 12 秒 [95% CI 6 至 17]；p< 0.001）。診斷信心水準為7.2 ± 1.7秒，隱匿性骨折的平均時間為6.2 ± 1.6秒；平均差異1 秒[95% CI 0.5 至1.3]；p< 0.001)。"""
量化表現指標,"【官方核准登錄高分範例】
填報醫院：長庚醫療財團法人林口長庚紀念醫院
AI模型案名：腕部舟狀骨骨折偵測軟體
指標項目：量化表現指標
核准填報內容：
""通過量化指標顯示，本軟體具備良好成效，計算後的量化性能指標如下:AUROC 為 90%，敏感性sensitivity 為89.8%，特異性 specificity 為 89.7%。陽性預測值(positive predictive value)為88.7%，陰性預測值(negative predictive value)為 90.8%，假陽性率(false positive rate)為10.2%，假陰性率(false negative
rate)為10.1%。顯示本腕部舟狀骨骨折輔助判讀軟體醫材面對全新的醫療影像資料，也能有相當良好的判斷結果。"""
持續維護與監控,"【官方核准登錄高分範例】
填報醫院：長庚醫療財團法人林口長庚紀念醫院
AI模型案名：腕部舟狀骨骨折偵測軟體
指標項目：持續維護與監控
核准填報內容：
""我們有專門的團隊負責在系統部署後的監控，處理任何問題，本軟體應用介面設有用戶反饋，確保使用正確性，設有即時處理反應問題。"""
更新與持續驗證計畫,"【官方核准登錄高分範例】
填報醫院：長庚醫療財團法人林口長庚紀念醫院
AI模型案名：腕部舟狀骨骨折偵測軟體
指標項目：更新與持續驗證計畫
核准填報內容：
""本軟體以介接臨床系統，將根據輸入之真實世界影像進行敏感性(sensitivity)與特異性(specificity)指標進行評估，以確保系統的穩定與正確性。更新和驗證結果會定期公布，並且當敏感性與特異性低於80%時，系統將會抽取新的影像資料及臨床醫師所回饋的內容進行資料的重新訓練，當性能重新提升至90%時再重新恢復使用，同時也將定期每半年至一年依據臨床醫師回饋的問題進行彙整後，評估軟體是否部署更新機制。"""
可解釋性分析,"【官方核准登錄高分範例】
填報醫院：長庚醫療財團法人林口長庚紀念醫院
AI模型案名：腕部舟狀骨骨折偵測軟體
指標項目：可解釋性分析
核准填報內容：
""1.在判斷出舟狀骨骨折可能的位置後，進行圖片影像的處理，並將骨折可能發生的位置熱圖或是轉換成紅框後重疊回原圖提示給使用者。
2.該影像熱圖是透過Grad-CAM技術，讓使用者利於理解模型預測結果，讓使用者可對於顯示的資訊，評估是否為較高機率出現骨折的可能。"""
介入詳情及輸出,"【官方核准登錄高分範例】
填報醫院：彰化基督教醫療財團法人彰化基督教醫院
AI模型案名：天秤肺影
指標項目：介入詳情及輸出
核准填報內容：
""以人工智慧技術偵測疑似肺結節病灶，並透過網頁介面呈現結果如下：
1. 自動於影像中標記肺結節之 VOI（Volume of Interests）。
2. 提供對應肺結節之類型（Class）、肺葉位置（Lobe）、長短軸（Axes）及體積（Volume）資訊。"""
介入目的,"【官方核准登錄高分範例】
填報醫院：彰化基督教醫療財團法人彰化基督教醫院
AI模型案名：天秤肺影
指標項目：介入目的
核准填報內容：
""系統旨在輔助專科醫師判讀胸腔電腦斷層（CT）之肺結節影像，協助專科醫師及早發現肺結節、輔助比較與調整確認的參數、Lung-RADS 等級計算，取得相關量測數據，協助相關醫師準確快速地完成報告之製作。"""
警告與範圍外使用,"【官方核准登錄高分範例】
填報醫院：彰化基督教醫療財團法人彰化基督教醫院
AI模型案名：天秤肺影
指標項目：警告與範圍外使用
核准填報內容：
""本系統自動偵測之肺結節資訊僅提供臨床參考。醫師使用本系統時，應依專業判斷透過系統工具增加、修訂及刪除肺結節標記。最終的診斷必須由醫事人員依據原始影像，基於專業知識和經驗作為診斷結果。
**適應症：**個案須為尚未進行肺葉切除、楔形切除、胸腔鏡手術等胸腔手術，並未有縱膈腔異常、肋膜積水、骨頭轉移等。"""
開發詳情及輸入特徵,"【官方核准登錄高分範例】
填報醫院：彰化基督教醫療財團法人彰化基督教醫院
AI模型案名：天秤肺影
指標項目：開發詳情及輸入特徵
核准填報內容：
""異常個案收案條件：
1. 影像個案須為尚未進行肺葉切除、楔形切除、胸腔鏡手術等胸腔手術。
2. Stage 需小於等於 T1，且 M Stage 須為 M0。
正常個案收案條件：
篩選臺大醫院胸部電腦斷層影像報告為「無異常」，且 Lung-RADS（v1.0）為 1 的影像；正常個案影像均須具獨立性，非屬模型訓練或測試資料來源。模型訓練時使用之訓練資料集不包含任何用於模型測試之資料集。"""
確保公平性的過程,"【官方核准登錄高分範例】
填報醫院：彰化基督教醫療財團法人彰化基督教醫院
AI模型案名：天秤肺影
指標項目：確保公平性的過程
核准填報內容：
""測試資料集與國內衛生福利部國民健康署公告 2020 年癌症登記報告對應，測試資料集與國內肺癌流行病學之年齡、男女比例分布相似，並經過食藥署審查通過。"""
外部驗證過程,"【官方核准登錄高分範例】
填報醫院：彰化基督教醫療財團法人彰化基督教醫院
AI模型案名：天秤肺影
指標項目：外部驗證過程
核准填報內容：
""在不同醫療機構使用的外部資料集上進行驗證，這些資料集不包含訓練資料，並確認在各種臨床環境和產品描述的病患群體中的準確性與適用性。"""
量化表現指標,"【官方核准登錄高分範例】
填報醫院：彰化基督教醫療財團法人彰化基督教醫院
AI模型案名：天秤肺影
指標項目：量化表現指標
核准填報內容：
""使用 Recall（召回率）及 Average False Positive/Scan（每組掃描之平均偽陽性）作為系統量化指標，在合理之平均偽陽性下挑選最高之召回率。
天秤肺影系統於國內醫學中心測試，AI 模型在偵測肺結節最大直徑 4 mm（含）至 30 mm（含）之 FROC 表現，平均每例偽陽個數為 0.6 時，靈敏度（Sensitivity）為 92%（衛部醫器製字第008042號）。"""
持續維護與監控,"【官方核准登錄高分範例】
填報醫院：彰化基督教醫療財團法人彰化基督教醫院
AI模型案名：天秤肺影
指標項目：持續維護與監控
核准填報內容：
""我們有專門的研發團隊負責系統部署後的問題處理，以及提供系統升級服務；當使用者有任何操作問題或新需求時，都可與我們團隊聯繫。"""
更新與持續驗證計畫,"【官方核准登錄高分範例】
填報醫院：彰化基督教醫療財團法人彰化基督教醫院
AI模型案名：天秤肺影
指標項目：更新與持續驗證計畫
核准填報內容：
""持續接受各院提供之回饋資料，並維持資料集與程式的持續性建構管理，確保清晰的發展歷程與驗證成效，每年會進行模型訓練更新。系統運作期間，採封閉式模型，系統不會因運作而有所變化，可持續運作。"""
可解釋性分析,"【官方核准登錄高分範例】
填報醫院：彰化基督教醫療財團法人彰化基督教醫院
AI模型案名：天秤肺影
指標項目：可解釋性分析
核准填報內容：
""本系統提供肺結節位置（VOI）、類型、肺葉位置、長短軸及體積等資訊，協助使用者了解 AI 判讀依據。AI 判讀結果僅供臨床參考，醫師可檢視、修正或刪除系統標記，最終診斷仍須依原始影像及臨床判斷完成，確保判讀具透明性、可追溯性及可解釋性。"""
介入詳情及輸出,"【官方核准登錄高分範例】
填報醫院：財團法人私立高雄醫學大學附設中和紀念醫院
AI模型案名：氣管內管位置異常警示系統
指標項目：介入詳情及輸出
核准填報內容：
""本系統採用 YOLOv5 模型進行訓練，並使用 3,261 張胸部 X 光影像樣本進行模型訓練，其中 326 張影像樣本用於模型測試，另有 546 張未納入訓練資料集之影像樣本進行外部驗證，以評估模型於不同資料集之泛化能力。
系統透過偵測胸部 X 光影像中的氣管隆突（Carina）位置，判斷是否存在氣管內管（Endotracheal Tube, ETT）或氣切管（Tracheostomy Tube, TT），並於偵測到 Carina 與 ETT 且未偵測到 TT 時，自動量測 ETT 管尖至 Carina 之距離，作為氣管內管位置評估之依據，以協助臨床診斷與治療評估。"""
介入目的,"【官方核准登錄高分範例】
填報醫院：財團法人私立高雄醫學大學附設中和紀念醫院
AI模型案名：氣管內管位置異常警示系統
指標項目：介入目的
核准填報內容：
""本系統應用於 ICU、急診、呼吸照護病房及一般病房，針對接受氣管內管置放之成人患者，透過人工智慧模型分析胸部 X 光影像，評估氣管內管（Endotracheal Tube, ETT）位置是否適當。
其主要目標為協助臨床醫療人員快速且準確判斷氣管內管位置，及早發現插管位置異常，以降低氣管內管滑脫及單側主支氣管插管等風險，提升病人安全、生命徵象穩定性及臨床照護品質。"""
警告與範圍外使用,"【官方核准登錄高分範例】
填報醫院：財團法人私立高雄醫學大學附設中和紀念醫院
AI模型案名：氣管內管位置異常警示系統
指標項目：警告與範圍外使用
核准填報內容：
""1.本系統不適用於未滿18歲患者之胸部X光影像分析。
2.本系統僅限經教育訓練之醫師使用。
3.本系統僅提供醫師作為臨床決策輔助參考，不可作為唯一診斷依據，醫師仍須依循標準醫療流程進行診斷與處置。
4.本系統僅用於胸部X光醫學影像分析，不可取代完整之病人臨床評估。系統分流頁面之案例排序僅供醫師參考，不代表病情嚴重程度或處置優先順序。
5.本系統提供之警示影像僅供輔助判讀，醫療團隊仍應依照標準醫療流程確認原始胸部X光影像及病人臨床狀況。
6.本系統之影像判讀可能出現偽陽性（False Positive）或偽陰性（False Negative）結果，所有AI分析結果仍須由醫師進行最終確認，並依循標準醫療流程完成閱片與判讀。
7.使用本系統前，應確認病人識別資訊正確，以避免影像誤植或誤判。
8.本系統安裝於使用單位伺服器，使用端電腦無須安裝額外軟體，可透過瀏覽器連線至伺服器進行操作。
9.使用本系統前，應確認醫療影像儲存與傳輸系統（PACS）連線正常，以確保AI分析流程順利執行。
10.所有伺服器與使用端瀏覽器之通訊皆採用至少256位元TLS 1.2以上加密機制，以確保資料傳輸安全。
11.建議使用單位安裝具防火牆功能之防毒軟體，並定期更新防毒軟體及作業系統（Ubuntu、Windows），以維持資訊安全及系統穩定性。"""
開發詳情及輸入特徵,"【官方核准登錄高分範例】
填報醫院：財團法人私立高雄醫學大學附設中和紀念醫院
AI模型案名：氣管內管位置異常警示系統
指標項目：開發詳情及輸入特徵
核准填報內容：
""本系統採用 YOLOv5 深度學習物件偵測模型進行開發，使用3,261張胸部X光影像進行模型訓練，並隨機挑選326張影像作為模型內部測試及驗證；另使用546張未納入訓練資料集之去識別化胸部X光影像進行外部驗證，以評估模型之泛化能力。
本研究納入18歲以上受試者，共計3,214人，涵蓋不同性別及年齡層。系統透過偵測氣管隆突（Carina）、氣管內管（ETT）及氣切管（TT）的位置，若同時偵測到Carina與ETT且未偵測到TT，則自動量測ETT管尖至Carina之距離，評估ETT位置是否適當。
系統主要由監測模組、物件偵測模組、位置評估模組及顯示模組組成。監測模組負責接收胸部X光影像；物件偵測模組採用YOLOv5辨識Carina、ETT及TT位置；位置評估模組依據ETT管尖至Carina距離（正常範圍3–5公分）評估ETT位置；顯示模組則呈現物件標註、距離量測、位置評估及警示資訊，並輸出JSON格式資料供院內系統整合。
本系統之ETT位置判定依據成人氣管內管放置臨床指引及本醫院胸腔內科醫師共同制定之黃金標準，建議ETT管尖位於Carina上方3至5公分，以降低管路移位及單側主支氣管插管等風險。
依據上述判定標準，系統將ETT位置分為灰燈、綠燈、黃燈及警示燈四種狀態。灰燈表示無法完整判定ETT位置；綠燈表示ETT位置適當；黃燈表示ETT位置略偏離最佳範圍，需持續觀察；警示燈表示ETT位置異常，提醒醫療人員進一步評估並視情況調整管路位置。"""
確保公平性的過程,"【官方核准登錄高分範例】
填報醫院：財團法人私立高雄醫學大學附設中和紀念醫院
AI模型案名：氣管內管位置異常警示系統
指標項目：確保公平性的過程
核准填報內容：
""本系統使用18歲以上成人胸部X光影像進行模型開發，共納入3,214位受試者，涵蓋不同性別及年齡層，以提升模型於不同族群之適用性。模型訓練資料由胸腔內科醫師依一致標註規範完成Carina、ETT及TT之標註，並建立黃金標準作為模型訓練與驗證依據，以降低人為標註差異。另使用未納入訓練資料集之去識別化影像進行外部驗證，以評估模型於不同資料集之泛化能力及穩定性，降低模型偏差並提升臨床應用之可靠性。"""
外部驗證過程,"【官方核准登錄高分範例】
填報醫院：財團法人私立高雄醫學大學附設中和紀念醫院
AI模型案名：氣管內管位置異常警示系統
指標項目：外部驗證過程
核准填報內容：
""本系統除使用546張未納入模型訓練之去識別化胸部X光影像進行外部驗證外，亦完成跨院驗證，於五家醫學中心進行模型驗證，以評估模型於不同醫療機構、影像設備及臨床場域之適用性與泛化能力。
外部驗證資料均未參與模型訓練，並以胸腔內科醫師判讀結果作為黃金標準，比較AI模型於氣管隆突（Carina）、氣管內管（ETT）及氣切管（TT）之辨識結果，以及ETT位置判定之準確性與一致性，確認模型於不同資料來源仍具穩定之辨識能力。
跨院驗證結果顯示，本系統於不同醫療院所皆能維持良好且穩定之模型效能，具備跨院部署及臨床應用之可行性，可協助醫療人員快速評估氣管內管位置，提升臨床決策效率及病人安全。"""
量化表現指標,"【官方核准登錄高分範例】
填報醫院：財團法人私立高雄醫學大學附設中和紀念醫院
AI模型案名：氣管內管位置異常警示系統
指標項目：量化表現指標
核准填報內容：
""本系統以外部驗證資料及跨院驗證資料評估模型效能，並以胸腔內科醫師判讀結果作為黃金標準，比較AI模型於氣管隆突（Carina）、氣管內管（ETT）、氣切管（TT）辨識及ETT位置判定之準確性。模型驗證結果顯示，靈敏度（Sensitivity）為0.963、特異度（Specificity）為0.964、平均精確度（mAP@50）為0.966、偽陽性率（False Positive Rate, FPR）為0.04、偽陰性率（False Negative Rate, FNR）為0.04，AUC（Area Under the ROC Curve）為0.96，顯示模型具有良好之辨識能力、穩定性及泛化能力。"""
持續維護與監控,"【官方核准登錄高分範例】
填報醫院：財團法人私立高雄醫學大學附設中和紀念醫院
AI模型案名：氣管內管位置異常警示系統
指標項目：持續維護與監控
核准填報內容：
""本系統部署於院內平台，並與醫療影像儲存與傳輸系統（PACS）及醫療資訊系統（HIS）完成整合，由監測模組自動接收符合條件之胸部X光影像並執行AI分析。系統由人工智慧創新應用中心負責日常維運、功能更新及異常排除，並定期監測系統運作狀態及模型推論結果，確保系統穩定運作。
系統使用期間持續蒐集使用者回饋及臨床需求，必要時由胸腔內科醫師及AI團隊共同檢視模型判讀結果，評估是否需進行模型優化或版本更新。模型更新前均須完成效能驗證及相關測試，確認模型效能未降低且符合臨床需求後，始得部署至正式環境，以維持系統之安全性、穩定性及臨床可靠性。
系統分析結果僅供臨床決策輔助使用，不取代醫療人員之專業判讀，醫療人員仍應依病人臨床狀況、原始影像及相關檢查結果進行綜合判斷。"""
更新與持續驗證計畫,"【官方核准登錄高分範例】
填報醫院：財團法人私立高雄醫學大學附設中和紀念醫院
AI模型案名：氣管內管位置異常警示系統
指標項目：更新與持續驗證計畫
核准填報內容：
""本系統將持續監測模型於臨床場域之使用情形及推論結果，定期蒐集使用者回饋、模型效能及臨床應用成效，作為模型持續優化之依據。若因臨床需求、醫療指引更新或資料特性改變而需進行模型更新，將重新蒐集代表性資料，並完成模型訓練、內部驗證、外部驗證及效能評估，確認模型效能不低於現行版本後，始得部署至正式環境。
此外，將持續評估模型於不同性別、年齡及臨床族群之模型表現，定期檢視是否存在系統性偏差或公平性問題，必要時調整訓練資料組成或模型參數，以降低模型偏差並提升不同族群之適用性與公平性。模型更新及版本異動均依院內人工智慧管理機制執行，保留相關驗證紀錄及版本管理資訊，以確保系統之安全性、可靠性及可追溯性。"""
可解釋性分析,"【官方核准登錄高分範例】
填報醫院：財團法人私立高雄醫學大學附設中和紀念醫院
AI模型案名：氣管內管位置異常警示系統
指標項目：可解釋性分析
核准填報內容：
""本系統採用YOLOv5物件偵測模型，自動辨識胸部X光影像中的氣管隆突（Carina）、氣管內管（ETT）及氣切管（TT）位置，並於影像上標示各物件之偵測框及模型信心分數。當系統同時辨識到Carina與ETT且未偵測到TT時，將自動量測ETT管尖至Carina之距離，並依據成人氣管內管放置臨床指引及本院胸腔內科醫師共同制定之黃金標準，判定ETT位置是否適當。
分析結果以灰燈、綠燈、黃燈及警示燈四種燈號呈現，同步顯示物件標註結果、ETT至Carina距離及位置評估結果，使醫療人員能清楚了解AI判斷依據，而非僅提供單一判定結果。醫療人員可搭配原始胸部X光影像進行比對，確認AI辨識位置及距離量測是否符合臨床判讀。
本系統所有分析結果僅供臨床決策輔助參考，不取代醫師專業判讀；當影像品質不佳、解剖構造不清楚或超出模型適用範圍時，仍應由醫療人員依病人臨床狀況、原始影像及相關檢查結果進行綜合判斷，以確保病人安全及醫療品質。"""
